INSERT INTO Clientes (cliente_id, nome, cpf, tipo_cliente, data_cadastro)
VALUES (1, 'João Silva', '123.456.789-00', 'Residencial', '2022-01-15'),
       (2, 'Maria Oliveira', '234.567.890-11', 'Comercial', '2021-11-20'),
       (3, 'Pedro Souza', '345.678.901-22', 'Residencial', '2023-02-10'),
       (4, 'Ana Costa', '456.789.012-33', 'Industrial', '2020-08-05'),
       (5, 'Lucas Pereira', '567.890.123-44', 'Residencial', '2022-05-25'),
       (6, 'Carolina Mendes', '678.901.234-55', 'Comercial', '2023-03-15'),
       (7, 'Fernanda Gonçalves', '789.012.345-66', 'Residencial', '2021-06-18'),
       (8, 'Marcos Lima', '890.123.456-77', 'Comercial', '2023-04-10'),
       (9, 'Sofia Araújo', '901.234.567-88', 'Residencial', '2022-09-01'),
       (10, 'Eduardo Martins', '012.345.678-99', 'Industrial', '2023-01-28');


INSERT INTO Medidores (medidor_id, cliente_id, numero_serie, endereco, data_instalacao, status)
VALUES (1, 1, 'CE-2022-0001', 'Rua A, 123', '2022-01-20', 'Ativo'),
       (2, 2, 'CE-2021-0001', 'Av. B, 200', '2021-11-25', 'Ativo'),
       (3, 3, 'CE-2023-0001', 'Rua C, 300', '2023-02-12', 'Ativo'),
       (4, 4, 'CE-2020-0001', 'Av. D, 400', '2020-08-10', 'Manutenção'),
       (5, 5, 'CE-2022-0002', 'Rua E, 500', '2022-05-30', 'Ativo'),
       (6, 6, 'CE-2023-0002', 'Av. F, 600', '2023-03-17', 'Inativo'),
       (7, 7, 'CE-2021-0002', 'Rua G, 700', '2021-06-20', 'Ativo'),
       (8, 8, 'CE-2023-0003', 'Av. H, 800', '2023-04-12', 'Ativo'),
       (9, 9, 'CE-2022-0003', 'Rua I, 900', '2022-09-05', 'Ativo'),
       (10, 10, 'CE-2023-0004', 'Av. J, 1000', '2023-01-30', 'Ativo');


INSERT INTO Leituras (leitura_id, medidor_id, mes, ano, consumo_kwh)
VALUES (1, 1, 1, 2022, 473.39),
       (2, 1, 3, 2022, 156.57),
       (3, 1, 4, 2022, 439.92),
       (4, 1, 5, 2022, 384.57),
       (5, 1, 6, 2022, 117.64),
       (6, 1, 7, 2022, 449.56),
       (7, 1, 8, 2022, 257.46),
       (8, 1, 9, 2022, 223.55),
       (9, 1, 10, 2022, 363.57),
       (10, 1, 11, 2022, 261.57),
       (11, 1, 12, 2022, 322.82),
       (12, 1, 1, 2023, 410.01),
       (13, 1, 2, 2023, 115.94),
       (14, 1, 3, 2023, 306.44),
       (15, 1, 4, 2023, 474.2),
       (16, 1, 5, 2023, 359.16),
       (17, 1, 6, 2023, 271.4),
       (18, 1, 7, 2023, 242.66),
       (19, 1, 8, 2023, 442.75),
       (20, 1, 9, 2023, 403.01),
       (21, 1, 10, 2023, 105.36),
       (22, 1, 11, 2023, 497.77),
       (23, 1, 12, 2023, 209.04),
       (24, 1, 1, 2024, 423.05),
       (25, 1, 2, 2024, 281.57),
       (26, 1, 3, 2024, 437.01),
       (27, 1, 4, 2024, 357.49),
       (28, 1, 5, 2024, 408.62),
       (29, 1, 6, 2024, 315.68),
       (30, 1, 7, 2024, 396.3),
       (31, 1, 8, 2024, 408.39),
       (32, 1, 9, 2024, 285.0),
       (33, 2, 1, 2022, 361.4),
       (34, 2, 3, 2022, 188.42),
       (35, 2, 4, 2022, 247.76),
       (36, 2, 5, 2022, 185.77),
       (37, 2, 6, 2022, 454.91),
       (38, 2, 7, 2022, 488.74),
       (39, 2, 8, 2022, 453.04),
       (40, 2, 9, 2022, 459.51),
       (41, 2, 10, 2022, 482.28),
       (42, 2, 11, 2022, 167.33),
       (43, 2, 12, 2022, 408.02),
       (44, 2, 1, 2023, 119.65),
       (45, 2, 2, 2023, 292.04),
       (46, 2, 3, 2023, 352.34),
       (47, 2, 4, 2023, 421.55),
       (48, 2, 5, 2023, 246.68),
       (49, 2, 6, 2023, 434.58),
       (50, 2, 7, 2023, 453.46),
       (51, 2, 8, 2023, 347.73),
       (52, 2, 9, 2023, 219.85),
       (53, 2, 10, 2023, 318.85),
       (54, 2, 11, 2023, 369.07),
       (55, 2, 12, 2023, 205.98),
       (56, 2, 1, 2024, 406.58),
       (57, 2, 2, 2024, 497.57),
       (58, 2, 3, 2024, 275.2),
       (59, 2, 4, 2024, 299.56),
       (60, 2, 5, 2024, 427.66),
       (61, 2, 6, 2024, 333.42),
       (62, 2, 7, 2024, 361.01),
       (63, 2, 8, 2024, 169.6),
       (64, 2, 9, 2024, 242.91),
       (65, 3, 1, 2022, 371.67),
       (66, 3, 3, 2022, 214.04),
       (67, 3, 4, 2022, 148.44),
       (68, 3, 5, 2022, 439.22),
       (69, 3, 6, 2022, 355.29),
       (70, 3, 7, 2022, 371.54),
       (71, 3, 8, 2022, 461.0),
       (72, 3, 9, 2022, 353.08),
       (73, 3, 10, 2022, 274.81),
       (74, 3, 11, 2022, 135.31),
       (75, 3, 12, 2022, 152.87),
       (76, 3, 1, 2023, 491.77),
       (77, 3, 2, 2023, 479.66),
       (78, 3, 3, 2023, 473.88),
       (79, 3, 4, 2023, 120.4),
       (80, 3, 5, 2023, 165.44),
       (81, 3, 6, 2023, 448.87),
       (82, 3, 7, 2023, 176.18),
       (83, 3, 8, 2023, 246.18),
       (84, 3, 9, 2023, 240.14),
       (85, 3, 10, 2023, 366.29),
       (86, 3, 11, 2023, 254.09),
       (87, 3, 12, 2023, 285.07),
       (88, 3, 1, 2024, 343.43),
       (89, 3, 2, 2024, 457.86),
       (90, 3, 3, 2024, 410.75),
       (91, 3, 4, 2024, 225.36),
       (92, 3, 5, 2024, 370.68),
       (93, 3, 6, 2024, 221.42),
       (94, 3, 7, 2024, 293.34),
       (95, 3, 8, 2024, 167.8),
       (96, 3, 9, 2024, 244.55),
       (97, 4, 1, 2022, 110.78),
       (98, 4, 3, 2022, 439.18),
       (99, 4, 4, 2022, 253.29),
       (100, 4, 5, 2022, 185.81),
       (101, 4, 6, 2022, 219.72),
       (102, 4, 7, 2022, 174.65),
       (103, 4, 8, 2022, 450.88),
       (104, 4, 9, 2022, 100.87),
       (105, 4, 10, 2022, 499.41),
       (106, 4, 11, 2022, 346.82),
       (107, 4, 12, 2022, 477.96),
       (108, 4, 1, 2023, 222.89),
       (109, 4, 2, 2023, 443.59),
       (110, 4, 3, 2023, 418.33),
       (111, 4, 4, 2023, 453.68),
       (112, 4, 5, 2023, 143.83),
       (113, 4, 6, 2023, 206.39),
       (114, 4, 7, 2023, 340.88),
       (115, 4, 8, 2023, 135.29),
       (116, 4, 9, 2023, 159.74),
       (117, 4, 10, 2023, 315.58),
       (118, 4, 11, 2023, 138.04),
       (119, 4, 12, 2023, 375.27),
       (120, 4, 1, 2024, 305.05),
       (121, 4, 2, 2024, 324.54),
       (122, 4, 3, 2024, 402.62),
       (123, 4, 4, 2024, 102.57),
       (124, 4, 5, 2024, 315.24),
       (125, 4, 6, 2024, 492.02),
       (126, 4, 7, 2024, 340.09),
       (127, 4, 8, 2024, 264.01),
       (128, 4, 9, 2024, 474.2),
       (129, 5, 1, 2022, 399.27),
       (130, 5, 3, 2022, 243.85),
       (131, 5, 4, 2022, 373.28),
       (132, 5, 5, 2022, 487.3),
       (133, 5, 6, 2022, 347.1),
       (134, 5, 7, 2022, 481.08),
       (135, 5, 8, 2022, 134.56),
       (136, 5, 9, 2022, 101.82),
       (137, 5, 10, 2022, 300.24),
       (138, 5, 11, 2022, 378.01),
       (139, 5, 12, 2022, 421.09),
       (140, 5, 1, 2023, 208.72),
       (141, 5, 2, 2023, 379.07),
       (142, 5, 3, 2023, 310.42),
       (143, 5, 4, 2023, 426.36),
       (144, 5, 5, 2023, 429.83),
       (145, 5, 6, 2023, 181.89),
       (146, 5, 7, 2023, 361.96),
       (147, 5, 8, 2023, 406.07),
       (148, 5, 9, 2023, 305.01),
       (149, 5, 10, 2023, 280.65),
       (150, 5, 11, 2023, 264.88),
       (151, 5, 12, 2023, 232.51),
       (152, 5, 1, 2024, 139.37),
       (153, 5, 2, 2024, 460.37),
       (154, 5, 3, 2024, 238.99),
       (155, 5, 4, 2024, 161.56),
       (156, 5, 5, 2024, 351.26),
       (157, 5, 6, 2024, 394.64),
       (158, 5, 7, 2024, 170.5),
       (159, 5, 8, 2024, 194.23),
       (160, 5, 9, 2024, 465.31),
       (161, 6, 1, 2022, 434.21),
       (162, 6, 3, 2022, 260.62),
       (163, 6, 4, 2022, 330.94),
       (164, 6, 5, 2022, 445.24),
       (165, 6, 6, 2022, 396.73),
       (166, 6, 7, 2022, 144.47),
       (167, 6, 8, 2022, 162.36),
       (168, 6, 9, 2022, 448.06),
       (169, 6, 10, 2022, 406.16),
       (170, 6, 11, 2022, 338.93),
       (171, 6, 12, 2022, 327.77),
       (172, 6, 1, 2023, 141.74),
       (173, 6, 2, 2023, 106.67),
       (174, 6, 3, 2023, 376.63),
       (175, 6, 4, 2023, 413.36),
       (176, 6, 5, 2023, 200.49),
       (177, 6, 6, 2023, 440.43),
       (178, 6, 7, 2023, 128.91),
       (179, 6, 8, 2023, 296.02),
       (180, 6, 9, 2023, 214.78),
       (181, 6, 10, 2023, 444.77),
       (182, 6, 11, 2023, 335.63),
       (183, 6, 12, 2023, 499.57),
       (184, 6, 1, 2024, 237.7),
       (185, 6, 2, 2024, 117.18),
       (186, 6, 3, 2024, 329.46),
       (187, 6, 4, 2024, 491.79),
       (188, 6, 5, 2024, 168.65),
       (189, 6, 6, 2024, 156.07),
       (190, 6, 7, 2024, 249.18),
       (191, 6, 8, 2024, 424.91),
       (192, 6, 9, 2024, 161.16),
       (193, 7, 1, 2022, 409.98),
       (194, 7, 3, 2022, 425.73),
       (195, 7, 4, 2022, 235.7),
       (196, 7, 5, 2022, 238.58),
       (197, 7, 6, 2022, 437.67),
       (198, 7, 7, 2022, 149.19),
       (199, 7, 8, 2022, 109.28),
       (200, 7, 9, 2022, 124.2),
       (201, 7, 10, 2022, 359.21),
       (202, 7, 11, 2022, 246.34),
       (203, 7, 12, 2022, 490.59),
       (204, 7, 1, 2023, 141.71),
       (205, 7, 2, 2023, 237.23),
       (206, 7, 3, 2023, 418.95),
       (207, 7, 4, 2023, 116.66),
       (208, 7, 5, 2023, 399.01),
       (209, 7, 6, 2023, 256.43),
       (210, 7, 7, 2023, 334.33),
       (211, 7, 8, 2023, 176.46),
       (212, 7, 9, 2023, 275.06),
       (213, 7, 10, 2023, 180.72),
       (214, 7, 11, 2023, 466.78),
       (215, 7, 12, 2023, 458.26),
       (216, 7, 1, 2024, 221.09),
       (217, 7, 2, 2024, 483.26),
       (218, 7, 3, 2024, 175.53),
       (219, 7, 4, 2024, 319.19),
       (220, 7, 5, 2024, 161.69),
       (221, 7, 6, 2024, 328.82),
       (222, 7, 7, 2024, 256.2),
       (223, 7, 8, 2024, 386.54),
       (224, 7, 9, 2024, 266.73),
       (225, 8, 1, 2022, 135.0),
       (226, 8, 3, 2022, 131.42),
       (227, 8, 4, 2022, 136.43),
       (228, 8, 5, 2022, 415.34),
       (229, 8, 6, 2022, 385.63),
       (230, 8, 7, 2022, 413.96),
       (231, 8, 8, 2022, 216.9),
       (232, 8, 9, 2022, 366.75),
       (233, 8, 10, 2022, 314.11),
       (234, 8, 11, 2022, 267.25),
       (235, 8, 12, 2022, 339.5),
       (236, 8, 1, 2023, 337.12),
       (237, 8, 2, 2023, 165.11),
       (238, 8, 3, 2023, 457.9),
       (239, 8, 4, 2023, 384.39),
       (240, 8, 5, 2023, 302.1),
       (241, 8, 6, 2023, 479.2),
       (242, 8, 7, 2023, 350.74),
       (243, 8, 8, 2023, 410.62),
       (244, 8, 9, 2023, 113.03),
       (245, 8, 10, 2023, 109.36),
       (246, 8, 11, 2023, 443.27),
       (247, 8, 12, 2023, 322.46),
       (248, 8, 1, 2024, 421.57),
       (249, 8, 2, 2024, 294.54),
       (250, 8, 3, 2024, 402.59),
       (251, 8, 4, 2024, 143.76),
       (252, 8, 5, 2024, 207.97),
       (253, 8, 6, 2024, 333.2),
       (254, 8, 7, 2024, 165.36),
       (255, 8, 8, 2024, 115.81),
       (256, 8, 9, 2024, 118.71),
       (257, 9, 1, 2022, 314.81),
       (258, 9, 3, 2022, 247.91),
       (259, 9, 4, 2022, 494.76),
       (260, 9, 5, 2022, 435.19),
       (261, 9, 6, 2022, 207.7),
       (262, 9, 7, 2022, 414.57),
       (263, 9, 8, 2022, 345.33),
       (264, 9, 9, 2022, 373.29),
       (265, 9, 10, 2022, 194.53),
       (266, 9, 11, 2022, 313.51),
       (267, 9, 12, 2022, 438.47),
       (268, 9, 1, 2023, 486.98),
       (269, 9, 2, 2023, 126.99),
       (270, 9, 3, 2023, 353.32),
       (271, 9, 4, 2023, 467.33),
       (272, 9, 5, 2023, 475.36),
       (273, 9, 6, 2023, 273.45),
       (274, 9, 7, 2023, 234.83),
       (275, 9, 8, 2023, 149.28),
       (276, 9, 9, 2023, 165.97),
       (277, 9, 10, 2023, 165.79),
       (278, 9, 11, 2023, 448.39),
       (279, 9, 12, 2023, 233.25),
       (280, 9, 1, 2024, 132.66),
       (281, 9, 2, 2024, 497.68),
       (282, 9, 3, 2024, 457.7),
       (283, 9, 4, 2024, 104.85),
       (284, 9, 5, 2024, 171.23),
       (285, 9, 6, 2024, 409.22),
       (286, 9, 7, 2024, 218.94),
       (287, 9, 8, 2024, 256.85),
       (288, 9, 9, 2024, 166.8),
       (289, 10, 1, 2022, 165.49),
       (290, 10, 3, 2022, 297.9),
       (291, 10, 4, 2022, 323.56),
       (292, 10, 5, 2022, 163.99),
       (293, 10, 6, 2022, 476.12),
       (294, 10, 7, 2022, 142.65),
       (295, 10, 8, 2022, 194.68),
       (296, 10, 9, 2022, 114.21),
       (297, 10, 10, 2022, 380.17),
       (298, 10, 11, 2022, 229.42),
       (299, 10, 12, 2022, 284.04),
       (300, 10, 1, 2023, 263.12),
       (301, 10, 2, 2023, 337.24),
       (302, 10, 3, 2023, 245.35),
       (303, 10, 4, 2023, 303.7),
       (304, 10, 5, 2023, 131.01),
       (305, 10, 6, 2023, 216.82),
       (306, 10, 7, 2023, 349.59),
       (307, 10, 8, 2023, 129.39),
       (308, 10, 9, 2023, 144.25),
       (309, 10, 10, 2023, 495.77),
       (310, 10, 11, 2023, 221.59),
       (311, 10, 12, 2023, 197.67),
       (312, 10, 1, 2024, 428.87),
       (313, 10, 2, 2024, 360.76),
       (314, 10, 3, 2024, 377.66),
       (315, 10, 4, 2024, 382.64),
       (316, 10, 5, 2024, 225.75),
       (317, 10, 6, 2024, 100.66),
       (318, 10, 7, 2024, 192.81),
       (319, 10, 8, 2024, 127.68),
       (320, 10, 9, 2024, 105.52);
